1-468369;HW-AddonC5black-1741
1-4ZNYUSI;CPE-Wifi-router-EWA1330-2121
1-3L383J;CPE-Wifi-router-TG784-1711
1-4X4YCG;IA-Bredband 100/10-1725
1-4X4YFN;IA-Bredband 700/700-1722
1-5AGSU93;CPE-Utbyte-Wifi-router-DGA4330TS-2111
1-46836N;HW-AddonC5white-1741
1-1QAPM;Service Bundle-IA-1703-1
1-3L3489;CPE-Wifi-router-TG799V2-1711
1-4KYIS3;CPE-Splittersladd-1751
1-5AGQK9A;CPE-Utbyte-Wifi-router-SCFast5370e-2111
1-MF0L;CPE-Wifi-router-TG799vac-1703
1-2YG6-1;HW-Hardware 101-2016
1-5AGS0ZA;CPE-Utbyte-Wifi-router Plus-TG799XtreamV1-2111
1-O195I;CPE-Wifi-router-DGA4330TS-1948
1-5X8WK;TG799vacXtream_160523
1-467XRY;BCPE-Wifi-router Legacy-1724
1-5AGSJXQ;CPE-Utbyte-Wifi-router Plus-TG799XtreamV3-2111
1-4X4EOW;IA-Broadband-IPTV-access-1738
1-3L3857;CPE-Wifi-router Plus-TG799XtreamV1-1711
1-2YG6-2;HW-Hardware 102-2016
1-LVR9;IA-Bredband 100/100-1703
1-MEZ7;IA-Bredband 250-1703
1-468371;HW-AddonC5grey-1741
1-LVAV;IA-Bredband 1000-1703
1-2YG6-3;HW-Hardware 103-2016
1-5N8DUK;IA-Bredband 500/500-1806
1-2Q3G7H5;BCPE-OCN-Netgear R6220 Svart-1944
1-3L33OG;IA-Bredband 500-1703
1-675M6R;CPE-Wifi-router-SCFast-5370e-1824
1-LVD3;CPE-Wifi-router Plus-TG799Xtream-1703
1-4XN61WW;CPE-Utbyte-Wifi-router-EWA1330-2211
1-467XSB;BCPE-Wifi-router TG799vacXtream V3-1724
1-5N8DTQ;IA-Bredband 250/250-1806
1-3L3848;CPE-Wifi-router-TG789-1711
1-4X4YCT;IA-Bredband 10/10-1725
1-AVUZ4S;BCPE-Wifi-router-SCFast-5370e-1822
1-31XCXT;CPE-Wifi-router Plus-TG799XtreamV3-1723
1-2BRHBQ;Service Bundle-IA-router-1703-1
1-30A740;P-IA-Broadband-1711
1-5N8A01;IA-Bredband 1000/100-1739
1-4X4YDJ;IA-Bredband 1/1-1725
1-5AGQKIQ;CPE-Utbyte-Wifi-router-TG799vac-2111
1-467IJF;P-IA-Fiber-Broadband-1743